state,district,taluka,source,source_code,location_note
Goa,North Goa,Bardez,LGD export 2026-06-21,5610,
Goa,North Goa,Bicholim,LGD export 2026-06-21,5612,
Goa,North Goa,Pernem,LGD export 2026-06-21,5609,
Goa,North Goa,Satari,LGD export 2026-06-21,5613,
Goa,North Goa,Tiswadi,LGD export 2026-06-21,5611,
Goa,South Goa,Canacona,LGD export 2026-06-21,5619,
Goa,South Goa,Dharbandora,LGD export 2026-06-21,5931,
Goa,South Goa,Mormugao,LGD export 2026-06-21,5615,
Goa,South Goa,Ponda,LGD export 2026-06-21,5614,
Goa,South Goa,Quepem,LGD export 2026-06-21,5617,
Goa,South Goa,Salcete,LGD export 2026-06-21,5616,
Goa,South Goa,Sanguem,LGD export 2026-06-21,5618,
Gujarat,Ahmedabad,Asarva,LGD export 2026-06-21,6512,CURRENT_NAME_ALIAS_APPLIED
Gujarat,Ahmedabad,Bavla,LGD export 2026-06-21,3784,CURRENT_NAME_ALIAS_APPLIED
Gujarat,Ahmedabad,Daskroi,LGD export 2026-06-21,3782,CURRENT_NAME_ALIAS_APPLIED
Gujarat,Ahmedabad,Detroj-Rampura,LGD export 2026-06-21,3778,CURRENT_NAME_ALIAS_APPLIED
Gujarat,Ahmedabad,Dhandhuka,LGD export 2026-06-21,3787,CURRENT_NAME_ALIAS_APPLIED
Gujarat,Ahmedabad,Dholera,LGD export 2026-06-21,6167,CURRENT_NAME_ALIAS_APPLIED
Gujarat,Ahmedabad,Dholka,LGD export 2026-06-21,3783,CURRENT_NAME_ALIAS_APPLIED
Gujarat,Ahmedabad,Ghatlodiya,LGD export 2026-06-21,6513,CURRENT_NAME_ALIAS_APPLIED
Gujarat,Ahmedabad,Mandal,LGD export 2026-06-21,3777,CURRENT_NAME_ALIAS_APPLIED
Gujarat,Ahmedabad,Maninagar,LGD export 2026-06-21,6515,CURRENT_NAME_ALIAS_APPLIED
Gujarat,Ahmedabad,Sabarmati,LGD export 2026-06-21,3781,CURRENT_NAME_ALIAS_APPLIED
Gujarat,Ahmedabad,Sanand,LGD export 2026-06-21,3780,CURRENT_NAME_ALIAS_APPLIED
Gujarat,Ahmedabad,Vatva,LGD export 2026-06-21,6516,CURRENT_NAME_ALIAS_APPLIED
Gujarat,Ahmedabad,Vejalpur,LGD export 2026-06-21,6514,CURRENT_NAME_ALIAS_APPLIED
Gujarat,Ahmedabad,Viramgam,LGD export 2026-06-21,3779,CURRENT_NAME_ALIAS_APPLIED
Gujarat,Amreli,Amreli,LGD export 2026-06-21,3843,
Gujarat,Amreli,Babra,LGD export 2026-06-21,3840,
Gujarat,Amreli,Bagasara,LGD export 2026-06-21,3844,
Gujarat,Amreli,Dhari,LGD export 2026-06-21,3845,
Gujarat,Amreli,Jafrabad,LGD export 2026-06-21,3848,
Gujarat,Amreli,Khambha,LGD export 2026-06-21,3847,
Gujarat,Amreli,Kunkavav Vadia,LGD export 2026-06-21,3839,
Gujarat,Amreli,Lathi,LGD export 2026-06-21,3841,
Gujarat,Amreli,Lilia,LGD export 2026-06-21,3842,
Gujarat,Amreli,Rajula,LGD export 2026-06-21,3849,
Gujarat,Amreli,Savar Kundla,LGD export 2026-06-21,3846,
Gujarat,Anand,Anand City,LGD export 2026-06-21,6530,
Gujarat,Anand,Anand Rural,LGD export 2026-06-21,3864,
Gujarat,Anand,Anklav,LGD export 2026-06-21,3868,
Gujarat,Anand,Borsad,LGD export 2026-06-21,3867,
Gujarat,Anand,Khambhat,LGD export 2026-06-21,3866,
Gujarat,Anand,Petlad,LGD export 2026-06-21,3865,
Gujarat,Anand,Sojitra,LGD export 2026-06-21,3862,
Gujarat,Anand,Tarapur,LGD export 2026-06-21,3861,
Gujarat,Anand,Umreth,LGD export 2026-06-21,3863,
Gujarat,Arvalli,Bayad,LGD export 2026-06-21,3772,
Gujarat,Arvalli,Bhiloda,LGD export 2026-06-21,3764,
Gujarat,Arvalli,Dhansura,LGD export 2026-06-21,3770,
Gujarat,Arvalli,Malpur,LGD export 2026-06-21,3771,
Gujarat,Arvalli,Meghraj,LGD export 2026-06-21,3765,
Gujarat,Arvalli,Modasa,LGD export 2026-06-21,3769,
Gujarat,Banaskantha,Amirgadh,LGD export 2026-06-21,3736,CURRENT_NAME_ALIAS_APPLIED
Gujarat,Banaskantha,Bhabhar,LGD export 2026-06-21,3742,CURRENT_NAME_ALIAS_APPLIED
Gujarat,Banaskantha,Danta,LGD export 2026-06-21,3737,CURRENT_NAME_ALIAS_APPLIED
Gujarat,Banaskantha,Dantiwada,LGD export 2026-06-21,3735,CURRENT_NAME_ALIAS_APPLIED
Gujarat,Banaskantha,Deesa,LGD export 2026-06-21,3740,CURRENT_NAME_ALIAS_APPLIED
Gujarat,Banaskantha,Deodar,LGD export 2026-06-21,3741,CURRENT_NAME_ALIAS_APPLIED
Gujarat,Banaskantha,Dhanera,LGD export 2026-06-21,3734,CURRENT_NAME_ALIAS_APPLIED
Gujarat,Banaskantha,Kankrej,LGD export 2026-06-21,3743,CURRENT_NAME_ALIAS_APPLIED
Gujarat,Banaskantha,Lakhani,LGD export 2026-06-21,6168,CURRENT_NAME_ALIAS_APPLIED
Gujarat,Banaskantha,Palanpur,LGD export 2026-06-21,3739,CURRENT_NAME_ALIAS_APPLIED
Gujarat,Banaskantha,SUIGAM,LGD export 2026-06-21,6166,CURRENT_NAME_ALIAS_APPLIED
Gujarat,Banaskantha,Tharad,LGD export 2026-06-21,3733,CURRENT_NAME_ALIAS_APPLIED
Gujarat,Banaskantha,Vadgam,LGD export 2026-06-21,3738,CURRENT_NAME_ALIAS_APPLIED
Gujarat,Banaskantha,Vav,LGD export 2026-06-21,3732,CURRENT_NAME_ALIAS_APPLIED
Gujarat,Bharuch,Amod,LGD export 2026-06-21,3914,
Gujarat,Bharuch,Anklesvar,LGD export 2026-06-21,3918,
Gujarat,Bharuch,Bharuch,LGD export 2026-06-21,3916,
Gujarat,Bharuch,Hansot,LGD export 2026-06-21,3919,
Gujarat,Bharuch,Jambusar,LGD export 2026-06-21,3913,
Gujarat,Bharuch,Jhagadia,LGD export 2026-06-21,3917,
Gujarat,Bharuch,Netrang,LGD export 2026-06-21,6170,
Gujarat,Bharuch,Vagra,LGD export 2026-06-21,3915,
Gujarat,Bharuch,Valia,LGD export 2026-06-21,3920,
Gujarat,Bhavnagar,Bhavnagar,LGD export 2026-06-21,3854,
Gujarat,Bhavnagar,Gariadhar,LGD export 2026-06-21,3857,
Gujarat,Bhavnagar,Ghogha,LGD export 2026-06-21,3855,
Gujarat,Bhavnagar,Jesar,LGD export 2026-06-21,6203,
Gujarat,Bhavnagar,Mahuva,LGD export 2026-06-21,3860,
Gujarat,Bhavnagar,Palitana,LGD export 2026-06-21,3858,
Gujarat,Bhavnagar,Sihor,LGD export 2026-06-21,3856,
Gujarat,Bhavnagar,Talaja,LGD export 2026-06-21,3859,
Gujarat,Bhavnagar,Umrala,LGD export 2026-06-21,3853,
Gujarat,Bhavnagar,Vallabhipur,LGD export 2026-06-21,3851,
Gujarat,Botad,Barwala,LGD export 2026-06-21,3786,
Gujarat,Botad,Botad,LGD export 2026-06-21,3850,
Gujarat,Botad,Gadhada,LGD export 2026-06-21,3852,
Gujarat,Botad,Ranpur,LGD export 2026-06-21,3785,
Gujarat,Chhota Udepur,BODELI,LGD export 2026-06-21,6020,CURRENT_NAME_ALIAS_APPLIED
Gujarat,Chhota Udepur,Chhota Udaipur,LGD export 2026-06-21,3901,CURRENT_NAME_ALIAS_APPLIED
Gujarat,Chhota Udepur,Jetpur Pavi,LGD export 2026-06-21,3900,CURRENT_NAME_ALIAS_APPLIED
Gujarat,Chhota Udepur,Kavant,LGD export 2026-06-21,3902,CURRENT_NAME_ALIAS_APPLIED
Gujarat,Chhota Udepur,Nasvadi,LGD export 2026-06-21,3903,CURRENT_NAME_ALIAS_APPLIED
Gujarat,Chhota Udepur,Sankheda,LGD export 2026-06-21,3904,CURRENT_NAME_ALIAS_APPLIED
Gujarat,Dahod,Devgadbaria,LGD export 2026-06-21,3895,CURRENT_NAME_ALIAS_APPLIED
Gujarat,Dahod,Dhanpur,LGD export 2026-06-21,3896,CURRENT_NAME_ALIAS_APPLIED
Gujarat,Dahod,Dohad,LGD export 2026-06-21,3893,CURRENT_NAME_ALIAS_APPLIED
Gujarat,Dahod,Fatepura,LGD export 2026-06-21,3890,CURRENT_NAME_ALIAS_APPLIED
Gujarat,Dahod,Garbada,LGD export 2026-06-21,3894,CURRENT_NAME_ALIAS_APPLIED
Gujarat,Dahod,Jhalod,LGD export 2026-06-21,3891,CURRENT_NAME_ALIAS_APPLIED
Gujarat,Dahod,Limkheda,LGD export 2026-06-21,3892,CURRENT_NAME_ALIAS_APPLIED
Gujarat,Dahod,Sanjeli,LGD export 2026-06-21,6204,CURRENT_NAME_ALIAS_APPLIED
Gujarat,Dahod,Singvad,LGD export 2026-06-21,6480,CURRENT_NAME_ALIAS_APPLIED
Gujarat,Dang,Ahwa,LGD export 2026-06-21,3921,
Gujarat,Dang,Subir,LGD export 2026-06-21,6024,
Gujarat,Dang,Waghai,LGD export 2026-06-21,6023,
Gujarat,Devbhumi Dwarka,Bhanvad,LGD export 2026-06-21,3820,
Gujarat,Devbhumi Dwarka,Kalyanpur,LGD export 2026-06-21,3819,
Gujarat,Devbhumi Dwarka,Khambhalia,LGD export 2026-06-21,3813,
Gujarat,Devbhumi Dwarka,Okhamandal,LGD export 2026-06-21,3812,
Gujarat,GIR Somnath,Gir Gadhda,LGD export 2026-06-21,6199,
Gujarat,GIR Somnath,Kodinar,LGD export 2026-06-21,3837,
Gujarat,GIR Somnath,Patan-Veraval,LGD export 2026-06-21,3835,
Gujarat,GIR Somnath,Sutrapada,LGD export 2026-06-21,3836,
Gujarat,GIR Somnath,Talala,LGD export 2026-06-21,3834,
Gujarat,GIR Somnath,Una,LGD export 2026-06-21,3838,
Gujarat,Gandhinagar,Dehgam,LGD export 2026-06-21,3776,
Gujarat,Gandhinagar,Gandhinagar,LGD export 2026-06-21,3775,
Gujarat,Gandhinagar,Kalol Gandhinagar,LGD export 2026-06-21,3773,
Gujarat,Gandhinagar,Mansa,LGD export 2026-06-21,3774,
Gujarat,Jamnagar,Dhrol,LGD export 2026-06-21,3816,
Gujarat,Jamnagar,Jamjodhpur,LGD export 2026-06-21,3821,
Gujarat,Jamnagar,Jamnagar City,LGD export 2026-06-21,6525,
Gujarat,Jamnagar,Jamnagar Rural,LGD export 2026-06-21,3814,
Gujarat,Jamnagar,Jodiya,LGD export 2026-06-21,3815,
Gujarat,Jamnagar,Kalavad,LGD export 2026-06-21,3817,
Gujarat,Jamnagar,Lalpur,LGD export 2026-06-21,3818,
Gujarat,Junagadh,Bhesan,LGD export 2026-06-21,3828,
Gujarat,Junagadh,Junagadh,LGD export 2026-06-21,3827,
Gujarat,Junagadh,Junagadh City,LGD export 2026-06-21,6517,
Gujarat,Junagadh,Keshod,LGD export 2026-06-21,3831,
Gujarat,Junagadh,Malia Hatina,LGD export 2026-06-21,3833,
Gujarat,Junagadh,Manavadar,LGD export 2026-06-21,3825,
Gujarat,Junagadh,Mangrol,LGD export 2026-06-21,3832,
Gujarat,Junagadh,Mendarda,LGD export 2026-06-21,3830,
Gujarat,Junagadh,Vanthali,LGD export 2026-06-21,3826,
Gujarat,Junagadh,Visavadar,LGD export 2026-06-21,3829,
Gujarat,Kachchh,Abdasa,LGD export 2026-06-21,3728,
Gujarat,Kachchh,Anjar,LGD export 2026-06-21,3725,
Gujarat,Kachchh,Bhachau,LGD export 2026-06-21,3724,
Gujarat,Kachchh,Bhuj,LGD export 2026-06-21,3726,
Gujarat,Kachchh,Gandhidham,LGD export 2026-06-21,3731,
Gujarat,Kachchh,Lakhpat,LGD export 2026-06-21,3722,
Gujarat,Kachchh,Mandvi,LGD export 2026-06-21,3729,
Gujarat,Kachchh,Mundra,LGD export 2026-06-21,3730,
Gujarat,Kachchh,Nakhatrana,LGD export 2026-06-21,3727,
Gujarat,Kachchh,Rapar,LGD export 2026-06-21,3723,
Gujarat,Kheda,Galteshwar,LGD export 2026-06-21,6025,
Gujarat,Kheda,Kapadvanj,LGD export 2026-06-21,3869,
Gujarat,Kheda,Kathlal,LGD export 2026-06-21,3872,
Gujarat,Kheda,Kheda,LGD export 2026-06-21,3874,
Gujarat,Kheda,Mahudha,LGD export 2026-06-21,3877,
Gujarat,Kheda,Matar,LGD export 2026-06-21,3875,
Gujarat,Kheda,Mehmedabad,LGD export 2026-06-21,3873,
Gujarat,Kheda,Nadiad,LGD export 2026-06-21,3876,
Gujarat,Kheda,Nadiad City,LGD export 2026-06-21,6531,
Gujarat,Kheda,Thasra,LGD export 2026-06-21,3878,
Gujarat,Kheda,Vaso,LGD export 2026-06-21,6034,
Gujarat,Mahisagar,Balasinor,LGD export 2026-06-21,3871,
Gujarat,Mahisagar,Kadana,LGD export 2026-06-21,3880,
Gujarat,Mahisagar,Khanpur,LGD export 2026-06-21,3879,
Gujarat,Mahisagar,Lunawada,LGD export 2026-06-21,3882,
Gujarat,Mahisagar,Santrampur,LGD export 2026-06-21,3881,
Gujarat,Mahisagar,Virpur,LGD export 2026-06-21,3870,
Gujarat,Mehsana,Becharaji,LGD export 2026-06-21,3758,CURRENT_NAME_ALIAS_APPLIED
Gujarat,Mehsana,Jotana,LGD export 2026-06-21,6021,CURRENT_NAME_ALIAS_APPLIED
Gujarat,Mehsana,Kadi,LGD export 2026-06-21,3759,CURRENT_NAME_ALIAS_APPLIED
Gujarat,Mehsana,Kheralu,LGD export 2026-06-21,3752,CURRENT_NAME_ALIAS_APPLIED
Gujarat,Mehsana,Mahesana,LGD export 2026-06-21,3757,CURRENT_NAME_ALIAS_APPLIED
Gujarat,Mehsana,Satlasana,LGD export 2026-06-21,3751,CURRENT_NAME_ALIAS_APPLIED
Gujarat,Mehsana,Unjha,LGD export 2026-06-21,3753,CURRENT_NAME_ALIAS_APPLIED
Gujarat,Mehsana,Vadnagar,LGD export 2026-06-21,3755,CURRENT_NAME_ALIAS_APPLIED
Gujarat,Mehsana,Vijapur,LGD export 2026-06-21,3756,CURRENT_NAME_ALIAS_APPLIED
Gujarat,Mehsana,Visnagar,LGD export 2026-06-21,3754,CURRENT_NAME_ALIAS_APPLIED
Gujarat,Morbi,Halvad,LGD export 2026-06-21,3788,
Gujarat,Morbi,Maliya,LGD export 2026-06-21,3798,
Gujarat,Morbi,Morvi,LGD export 2026-06-21,3799,
Gujarat,Morbi,Tankara,LGD export 2026-06-21,3800,
Gujarat,Morbi,Wankaner,LGD export 2026-06-21,3801,
Gujarat,Narmada,Dediapada,LGD export 2026-06-21,3911,
Gujarat,Narmada,GARUDESHWAR,LGD export 2026-06-21,6029,
Gujarat,Narmada,Nandod,LGD export 2026-06-21,3910,
Gujarat,Narmada,Sagbara,LGD export 2026-06-21,3912,
Gujarat,Narmada,Tilakwada,LGD export 2026-06-21,3909,
Gujarat,Navsari,Bansda,LGD export 2026-06-21,3926,
Gujarat,Navsari,Chikhli,LGD export 2026-06-21,3925,
Gujarat,Navsari,Gandevi,LGD export 2026-06-21,3924,
Gujarat,Navsari,Jalalpore,LGD export 2026-06-21,3923,
Gujarat,Navsari,Khergam,LGD export 2026-06-21,6195,
Gujarat,Navsari,Navsari,LGD export 2026-06-21,3922,
Gujarat,Panchmahal,Ghoghamba,LGD export 2026-06-21,3887,CURRENT_NAME_ALIAS_APPLIED
Gujarat,Panchmahal,Godhra,LGD export 2026-06-21,3885,CURRENT_NAME_ALIAS_APPLIED
Gujarat,Panchmahal,Halol,LGD export 2026-06-21,3888,CURRENT_NAME_ALIAS_APPLIED
Gujarat,Panchmahal,Jambughoda,LGD export 2026-06-21,3889,CURRENT_NAME_ALIAS_APPLIED
Gujarat,Panchmahal,Kalol,LGD export 2026-06-21,3886,CURRENT_NAME_ALIAS_APPLIED
Gujarat,Panchmahal,Morwa (Hadaf),LGD export 2026-06-21,3884,CURRENT_NAME_ALIAS_APPLIED
Gujarat,Panchmahal,Shehera,LGD export 2026-06-21,3883,CURRENT_NAME_ALIAS_APPLIED
Gujarat,Patan,Chanasma,LGD export 2026-06-21,3750,
Gujarat,Patan,Harij,LGD export 2026-06-21,3748,
Gujarat,Patan,Patan,LGD export 2026-06-21,3747,
Gujarat,Patan,Radhanpur,LGD export 2026-06-21,3745,
Gujarat,Patan,Sami,LGD export 2026-06-21,3749,
Gujarat,Patan,Santalpur,LGD export 2026-06-21,3744,
Gujarat,Patan,Saraswati,LGD export 2026-06-21,6196,
Gujarat,Patan,Shankheshvar,LGD export 2026-06-21,6197,
Gujarat,Patan,Sidhpur,LGD export 2026-06-21,3746,
Gujarat,Porbandar,Kutiyana,LGD export 2026-06-21,3824,
Gujarat,Porbandar,Porbandar,LGD export 2026-06-21,3822,
Gujarat,Porbandar,Ranavav,LGD export 2026-06-21,3823,
Gujarat,Rajkot,Dhoraji,LGD export 2026-06-21,3810,
Gujarat,Rajkot,Gondal,LGD export 2026-06-21,3807,
Gujarat,Rajkot,Jamkandorna,LGD export 2026-06-21,3808,
Gujarat,Rajkot,Jasdan,LGD export 2026-06-21,3806,
Gujarat,Rajkot,Jetpur,LGD export 2026-06-21,3811,
Gujarat,Rajkot,Kotda Sangani,LGD export 2026-06-21,3805,
Gujarat,Rajkot,Lodhika,LGD export 2026-06-21,3804,
Gujarat,Rajkot,Paddhari,LGD export 2026-06-21,3802,
Gujarat,Rajkot,RAJKOT EAST,LGD export 2026-06-21,6520,
Gujarat,Rajkot,RAJKOT SOUTH,LGD export 2026-06-21,6524,
Gujarat,Rajkot,RAJKOT WEST,LGD export 2026-06-21,6523,
Gujarat,Rajkot,Rajkot,LGD export 2026-06-21,3803,
Gujarat,Rajkot,Upleta,LGD export 2026-06-21,3809,
Gujarat,Rajkot,Vinchchiya,LGD export 2026-06-21,6198,
Gujarat,Sabarkantha,Himatnagar,LGD export 2026-06-21,3766,CURRENT_NAME_ALIAS_APPLIED
Gujarat,Sabarkantha,Idar,LGD export 2026-06-21,3763,CURRENT_NAME_ALIAS_APPLIED
Gujarat,Sabarkantha,Khedbrahma,LGD export 2026-06-21,3760,CURRENT_NAME_ALIAS_APPLIED
Gujarat,Sabarkantha,POSHINA,LGD export 2026-06-21,6088,CURRENT_NAME_ALIAS_APPLIED
Gujarat,Sabarkantha,Prantij,LGD export 2026-06-21,3767,CURRENT_NAME_ALIAS_APPLIED
Gujarat,Sabarkantha,Talod,LGD export 2026-06-21,3768,CURRENT_NAME_ALIAS_APPLIED
Gujarat,Sabarkantha,Vadali,LGD export 2026-06-21,3762,CURRENT_NAME_ALIAS_APPLIED
Gujarat,Sabarkantha,Vijaynagar,LGD export 2026-06-21,3761,CURRENT_NAME_ALIAS_APPLIED
Gujarat,Surat,Adajan,LGD export 2026-06-21,6518,
Gujarat,Surat,Bardoli,LGD export 2026-06-21,3940,
Gujarat,Surat,Chorasi,LGD export 2026-06-21,3938,
Gujarat,Surat,Kamrej,LGD export 2026-06-21,3936,
Gujarat,Surat,Katargam,LGD export 2026-06-21,6519,
Gujarat,Surat,Mahuva,LGD export 2026-06-21,3941,
Gujarat,Surat,Majura,LGD export 2026-06-21,3937,
Gujarat,Surat,Mandvi surat,LGD export 2026-06-21,3935,
Gujarat,Surat,Mangrol,LGD export 2026-06-21,3933,
Gujarat,Surat,Olpad,LGD export 2026-06-21,3932,
Gujarat,Surat,Palsana,LGD export 2026-06-21,3939,
Gujarat,Surat,Puna,LGD export 2026-06-21,6521,
Gujarat,Surat,Udhna,LGD export 2026-06-21,6522,
Gujarat,Surat,Umarpada,LGD export 2026-06-21,3934,
Gujarat,Surendranagar,Chotila,LGD export 2026-06-21,3794,
Gujarat,Surendranagar,Chuda,LGD export 2026-06-21,3796,
Gujarat,Surendranagar,Dasada,LGD export 2026-06-21,3790,
Gujarat,Surendranagar,Dhrangadhra,LGD export 2026-06-21,3789,
Gujarat,Surendranagar,Lakhtar,LGD export 2026-06-21,3791,
Gujarat,Surendranagar,Limbdi,LGD export 2026-06-21,3797,
Gujarat,Surendranagar,Muli,LGD export 2026-06-21,3793,
Gujarat,Surendranagar,Sayla,LGD export 2026-06-21,3795,
Gujarat,Surendranagar,Thangadh,LGD export 2026-06-21,6037,
Gujarat,Surendranagar,Wadhwan,LGD export 2026-06-21,3792,
Gujarat,Tapi,Dolvan,LGD export 2026-06-21,6200,
Gujarat,Tapi,Kukarmunda,LGD export 2026-06-21,6169,
Gujarat,Tapi,Nizar,LGD export 2026-06-21,3942,
Gujarat,Tapi,Songadh,LGD export 2026-06-21,3944,
Gujarat,Tapi,Uchchhal,LGD export 2026-06-21,3943,
Gujarat,Tapi,Valod,LGD export 2026-06-21,3946,
Gujarat,Tapi,Vyara,LGD export 2026-06-21,3945,
Gujarat,Vadodara,DESAR,LGD export 2026-06-21,6035,
Gujarat,Vadodara,Dabhoi,LGD export 2026-06-21,3905,
Gujarat,Vadodara,Karjan,LGD export 2026-06-21,3907,
Gujarat,Vadodara,Padra,LGD export 2026-06-21,3906,
Gujarat,Vadodara,Savli,LGD export 2026-06-21,3897,
Gujarat,Vadodara,Sinor,LGD export 2026-06-21,3908,
Gujarat,Vadodara,Vadodara East,LGD export 2026-06-21,6529,
Gujarat,Vadodara,Vadodara North,LGD export 2026-06-21,6527,
Gujarat,Vadodara,Vadodara Rural,LGD export 2026-06-21,3898,
Gujarat,Vadodara,Vadodara South,LGD export 2026-06-21,6526,
Gujarat,Vadodara,Vadodara West,LGD export 2026-06-21,6528,
Gujarat,Vadodara,Vaghodia,LGD export 2026-06-21,3899,
Gujarat,Valsad,Dharampur,LGD export 2026-06-21,3928,
Gujarat,Valsad,Kaprada,LGD export 2026-06-21,3930,
Gujarat,Valsad,Pardi,LGD export 2026-06-21,3929,
Gujarat,Valsad,Umbergaon,LGD export 2026-06-21,3931,
Gujarat,Valsad,VAPI,LGD export 2026-06-21,6031,
Gujarat,Valsad,Valsad,LGD export 2026-06-21,3927,
Karnataka,Bagalkote,Badami,Karnataka taluk supplement 2026,,
Karnataka,Bagalkote,Bagalkote,Karnataka taluk supplement 2026,,
Karnataka,Bagalkote,Bilagi,Karnataka taluk supplement 2026,,
Karnataka,Bagalkote,Guledgudda,Karnataka taluk supplement 2026,,
Karnataka,Bagalkote,Hunagunda,Karnataka taluk supplement 2026,,
Karnataka,Bagalkote,Ilkal,Karnataka taluk supplement 2026,,
Karnataka,Bagalkote,Jamkhandi,Karnataka taluk supplement 2026,,
Karnataka,Bagalkote,Mudhola,Karnataka taluk supplement 2026,,
Karnataka,Bagalkote,Rabkavi Banhatti,Karnataka taluk supplement 2026,,
Karnataka,Ballari,Ballari,Karnataka taluk supplement 2026,,
Karnataka,Ballari,Kampli,Karnataka taluk supplement 2026,,
Karnataka,Ballari,Kurugodu,Karnataka taluk supplement 2026,,
Karnataka,Ballari,Sanduru,Karnataka taluk supplement 2026,,
Karnataka,Ballari,Siraguppa,Karnataka taluk supplement 2026,,
Karnataka,Belagavi,Athani,Karnataka taluk supplement 2026,,
Karnataka,Belagavi,Bailhongal,Karnataka taluk supplement 2026,,
Karnataka,Belagavi,Belagavi,Karnataka taluk supplement 2026,,
Karnataka,Belagavi,Chikkodi,Karnataka taluk supplement 2026,,
Karnataka,Belagavi,Gokak,Karnataka taluk supplement 2026,,
Karnataka,Belagavi,Hukkeri,Karnataka taluk supplement 2026,,
Karnataka,Belagavi,Kagawada,Karnataka taluk supplement 2026,,
Karnataka,Belagavi,Khanapura,Karnataka taluk supplement 2026,,
Karnataka,Belagavi,Kitturu,Karnataka taluk supplement 2026,,
Karnataka,Belagavi,Mudalgi,Karnataka taluk supplement 2026,,
Karnataka,Belagavi,Nippani,Karnataka taluk supplement 2026,,
Karnataka,Belagavi,Ramadurga,Karnataka taluk supplement 2026,,
Karnataka,Belagavi,Rayabaga,Karnataka taluk supplement 2026,,
Karnataka,Belagavi,Savadatti,Karnataka taluk supplement 2026,,
Karnataka,Belagavi,Yargatti,Karnataka taluk supplement 2026,,
Karnataka,Bengaluru Rural,Devanahalli,Karnataka taluk supplement 2026,,
Karnataka,Bengaluru Rural,Doddaballapura,Karnataka taluk supplement 2026,,
Karnataka,Bengaluru Rural,Hosakote,Karnataka taluk supplement 2026,,
Karnataka,Bengaluru Rural,Nelamangala,Karnataka taluk supplement 2026,,
Karnataka,Bengaluru South,Channapattana,Karnataka taluk supplement 2026,,CURRENT_NAME_ALIAS_APPLIED
Karnataka,Bengaluru South,Harohalli,Karnataka taluk supplement 2026,,CURRENT_NAME_ALIAS_APPLIED
Karnataka,Bengaluru South,Kanakapura,Karnataka taluk supplement 2026,,CURRENT_NAME_ALIAS_APPLIED
Karnataka,Bengaluru South,Magadi,Karnataka taluk supplement 2026,,CURRENT_NAME_ALIAS_APPLIED
Karnataka,Bengaluru South,Ramanagara,Karnataka taluk supplement 2026,,CURRENT_NAME_ALIAS_APPLIED
Karnataka,Bengaluru Urban,Anekal,Karnataka taluk supplement 2026,,
Karnataka,Bengaluru Urban,Bengaluru,Karnataka taluk supplement 2026,,
Karnataka,Bengaluru Urban,Kengeri,Karnataka taluk supplement 2026,,
Karnataka,Bengaluru Urban,Krishnarajapura,Karnataka taluk supplement 2026,,
Karnataka,Bengaluru Urban,Yelahanka,Karnataka taluk supplement 2026,,
Karnataka,Bidar,Aurad,Karnataka taluk supplement 2026,,
Karnataka,Bidar,Basavakalyana,Karnataka taluk supplement 2026,,
Karnataka,Bidar,Bhalki,Karnataka taluk supplement 2026,,
Karnataka,Bidar,Bidar,Karnataka taluk supplement 2026,,
Karnataka,Bidar,Chitgoppa,Karnataka taluk supplement 2026,,
Karnataka,Bidar,Hulsuru,Karnataka taluk supplement 2026,,
Karnataka,Bidar,Humnabad,Karnataka taluk supplement 2026,,
Karnataka,Bidar,Kamalanagara,Karnataka taluk supplement 2026,,
Karnataka,Chamarajanagara,Chamarajanagara,Karnataka taluk supplement 2026,,
Karnataka,Chamarajanagara,Gundlupete,Karnataka taluk supplement 2026,,
Karnataka,Chamarajanagara,Hanuru,Karnataka taluk supplement 2026,,
Karnataka,Chamarajanagara,Kollegala,Karnataka taluk supplement 2026,,
Karnataka,Chamarajanagara,Yelanduru,Karnataka taluk supplement 2026,,
Karnataka,Chikkaballapura,Bagepalli,Karnataka taluk supplement 2026,,
Karnataka,Chikkaballapura,Cheluru,Karnataka taluk supplement 2026,,
Karnataka,Chikkaballapura,Chikkaballapura,Karnataka taluk supplement 2026,,
Karnataka,Chikkaballapura,Chintamani,Karnataka taluk supplement 2026,,
Karnataka,Chikkaballapura,Gauribidanuru,Karnataka taluk supplement 2026,,
Karnataka,Chikkaballapura,Gudibanda,Karnataka taluk supplement 2026,,
Karnataka,Chikkaballapura,Manchenahalli,Karnataka taluk supplement 2026,,
Karnataka,Chikkaballapura,Sidlaghatta,Karnataka taluk supplement 2026,,
Karnataka,Chikkamagaluru,Ajjampura,Karnataka taluk supplement 2026,,CURRENT_NAME_ALIAS_APPLIED
Karnataka,Chikkamagaluru,Chikkamagaluru,Karnataka taluk supplement 2026,,CURRENT_NAME_ALIAS_APPLIED
Karnataka,Chikkamagaluru,Kaduru,Karnataka taluk supplement 2026,,CURRENT_NAME_ALIAS_APPLIED
Karnataka,Chikkamagaluru,Kalasa,Karnataka taluk supplement 2026,,CURRENT_NAME_ALIAS_APPLIED
Karnataka,Chikkamagaluru,Koppa,Karnataka taluk supplement 2026,,CURRENT_NAME_ALIAS_APPLIED
Karnataka,Chikkamagaluru,Mudigere,Karnataka taluk supplement 2026,,CURRENT_NAME_ALIAS_APPLIED
Karnataka,Chikkamagaluru,Narasimharajapura,Karnataka taluk supplement 2026,,CURRENT_NAME_ALIAS_APPLIED
Karnataka,Chikkamagaluru,Sringeri,Karnataka taluk supplement 2026,,CURRENT_NAME_ALIAS_APPLIED
Karnataka,Chikkamagaluru,Tarikere,Karnataka taluk supplement 2026,,CURRENT_NAME_ALIAS_APPLIED
Karnataka,Chitradurga,Challakere,Karnataka taluk supplement 2026,,
Karnataka,Chitradurga,Chitradurga,Karnataka taluk supplement 2026,,
Karnataka,Chitradurga,Hiriyur,Karnataka taluk supplement 2026,,
Karnataka,Chitradurga,Holalkere,Karnataka taluk supplement 2026,,
Karnataka,Chitradurga,Hosadurga,Karnataka taluk supplement 2026,,
Karnataka,Chitradurga,Molakalmuru,Karnataka taluk supplement 2026,,
Karnataka,Dakshina Kannada,Bantwala,Karnataka taluk supplement 2026,,
Karnataka,Dakshina Kannada,Belathangadi,Karnataka taluk supplement 2026,,
Karnataka,Dakshina Kannada,Kadaba,Karnataka taluk supplement 2026,,
Karnataka,Dakshina Kannada,Mangaluru,Karnataka taluk supplement 2026,,
Karnataka,Dakshina Kannada,Moodbidri,Karnataka taluk supplement 2026,,
Karnataka,Dakshina Kannada,Mulki,Karnataka taluk supplement 2026,,
Karnataka,Dakshina Kannada,Putturu,Karnataka taluk supplement 2026,,
Karnataka,Dakshina Kannada,Sulya,Karnataka taluk supplement 2026,,
Karnataka,Dakshina Kannada,Ullal,Karnataka taluk supplement 2026,,
Karnataka,Davanagere,Channagiri,Karnataka taluk supplement 2026,,
Karnataka,Davanagere,Davanagere,Karnataka taluk supplement 2026,,
Karnataka,Davanagere,Harihara,Karnataka taluk supplement 2026,,
Karnataka,Davanagere,Honnali,Karnataka taluk supplement 2026,,
Karnataka,Davanagere,Jagaluru,Karnataka taluk supplement 2026,,
Karnataka,Davanagere,Nyamathi,Karnataka taluk supplement 2026,,
Karnataka,Dharwad,Alnavara,Karnataka taluk supplement 2026,,
Karnataka,Dharwad,Annigeri,Karnataka taluk supplement 2026,,
Karnataka,Dharwad,Dharwad,Karnataka taluk supplement 2026,,
Karnataka,Dharwad,Hubballi (Rural),Karnataka taluk supplement 2026,,
Karnataka,Dharwad,Hubballi (Urban),Karnataka taluk supplement 2026,,
Karnataka,Dharwad,Kalghatgi,Karnataka taluk supplement 2026,,
Karnataka,Dharwad,Kundagolu,Karnataka taluk supplement 2026,,
Karnataka,Dharwad,Navalgunda,Karnataka taluk supplement 2026,,
Karnataka,Gadag,Gadag,Karnataka taluk supplement 2026,,
Karnataka,Gadag,Gajendragada,Karnataka taluk supplement 2026,,
Karnataka,Gadag,Lakshmeshwara,Karnataka taluk supplement 2026,,
Karnataka,Gadag,Mundaragi,Karnataka taluk supplement 2026,,
Karnataka,Gadag,Naragunda,Karnataka taluk supplement 2026,,
Karnataka,Gadag,Rona,Karnataka taluk supplement 2026,,
Karnataka,Gadag,Shirahatti,Karnataka taluk supplement 2026,,
Karnataka,Hassan,Aluru,Karnataka taluk supplement 2026,,
Karnataka,Hassan,Arakalagudu,Karnataka taluk supplement 2026,,
Karnataka,Hassan,Arasikere,Karnataka taluk supplement 2026,,
Karnataka,Hassan,Beluru,Karnataka taluk supplement 2026,,
Karnataka,Hassan,Channarayapattana,Karnataka taluk supplement 2026,,
Karnataka,Hassan,Hassan,Karnataka taluk supplement 2026,,
Karnataka,Hassan,Holenarsipura,Karnataka taluk supplement 2026,,
Karnataka,Hassan,Sakleshpura,Karnataka taluk supplement 2026,,
Karnataka,Haveri,Byadgi,Karnataka taluk supplement 2026,,
Karnataka,Haveri,Hangala,Karnataka taluk supplement 2026,,
Karnataka,Haveri,Haveri,Karnataka taluk supplement 2026,,
Karnataka,Haveri,Hirekeruru,Karnataka taluk supplement 2026,,
Karnataka,Haveri,Ranibennur,Karnataka taluk supplement 2026,,
Karnataka,Haveri,Rattihalli,Karnataka taluk supplement 2026,,
Karnataka,Haveri,Savanuru,Karnataka taluk supplement 2026,,
Karnataka,Haveri,Shiggavi,Karnataka taluk supplement 2026,,
Karnataka,Kalaburagi,Afzalpura,Karnataka taluk supplement 2026,,
Karnataka,Kalaburagi,Alanda,Karnataka taluk supplement 2026,,
Karnataka,Kalaburagi,Chincholi,Karnataka taluk supplement 2026,,
Karnataka,Kalaburagi,Chitapura,Karnataka taluk supplement 2026,,
Karnataka,Kalaburagi,Jevargi,Karnataka taluk supplement 2026,,
Karnataka,Kalaburagi,Kalaburagi,Karnataka taluk supplement 2026,,
Karnataka,Kalaburagi,Kalgi,Karnataka taluk supplement 2026,,
Karnataka,Kalaburagi,Kamalapura,Karnataka taluk supplement 2026,,
Karnataka,Kalaburagi,Sedam,Karnataka taluk supplement 2026,,
Karnataka,Kalaburagi,Shahabad,Karnataka taluk supplement 2026,,
Karnataka,Kalaburagi,Yedrami,Karnataka taluk supplement 2026,,
Karnataka,Kodagu,Kushalnagara,Karnataka taluk supplement 2026,,
Karnataka,Kodagu,Madikeri,Karnataka taluk supplement 2026,,
Karnataka,Kodagu,Ponnammapete,Karnataka taluk supplement 2026,,
Karnataka,Kodagu,Somawarapete,Karnataka taluk supplement 2026,,
Karnataka,Kodagu,Virajapete,Karnataka taluk supplement 2026,,
Karnataka,Kolar,Bangarapete,Karnataka taluk supplement 2026,,
Karnataka,Kolar,Kolar,Karnataka taluk supplement 2026,,
Karnataka,Kolar,Kolar Gold Fields (Robertsonpete),Karnataka taluk supplement 2026,,
Karnataka,Kolar,Maluru,Karnataka taluk supplement 2026,,
Karnataka,Kolar,Mulabagilu,Karnataka taluk supplement 2026,,
Karnataka,Kolar,Srinivasapura,Karnataka taluk supplement 2026,,
Karnataka,Koppal,Gangavathi,Karnataka taluk supplement 2026,,CURRENT_NAME_ALIAS_APPLIED
Karnataka,Koppal,Kanakagiri,Karnataka taluk supplement 2026,,CURRENT_NAME_ALIAS_APPLIED
Karnataka,Koppal,Karatagi,Karnataka taluk supplement 2026,,CURRENT_NAME_ALIAS_APPLIED
Karnataka,Koppal,Koppala,Karnataka taluk supplement 2026,,CURRENT_NAME_ALIAS_APPLIED
Karnataka,Koppal,Kukanuru,Karnataka taluk supplement 2026,,CURRENT_NAME_ALIAS_APPLIED
Karnataka,Koppal,Kushtagi,Karnataka taluk supplement 2026,,CURRENT_NAME_ALIAS_APPLIED
Karnataka,Koppal,Yelaburga,Karnataka taluk supplement 2026,,CURRENT_NAME_ALIAS_APPLIED
Karnataka,Mandya,Krishnarajapete,Karnataka taluk supplement 2026,,
Karnataka,Mandya,Madduru,Karnataka taluk supplement 2026,,
Karnataka,Mandya,Malavalli,Karnataka taluk supplement 2026,,
Karnataka,Mandya,Mandya,Karnataka taluk supplement 2026,,
Karnataka,Mandya,Nagamangala,Karnataka taluk supplement 2026,,
Karnataka,Mandya,Pandavapura,Karnataka taluk supplement 2026,,
Karnataka,Mandya,Srirangapattana,Karnataka taluk supplement 2026,,
Karnataka,Mysuru,Heggadadevanakote,Karnataka taluk supplement 2026,,
Karnataka,Mysuru,Hunasuru,Karnataka taluk supplement 2026,,
Karnataka,Mysuru,Krishnarajanagara,Karnataka taluk supplement 2026,,
Karnataka,Mysuru,Mysuru,Karnataka taluk supplement 2026,,
Karnataka,Mysuru,Nanjanagodu,Karnataka taluk supplement 2026,,
Karnataka,Mysuru,Piriyapattana,Karnataka taluk supplement 2026,,
Karnataka,Mysuru,Saligrama,Karnataka taluk supplement 2026,,
Karnataka,Mysuru,Saraguru,Karnataka taluk supplement 2026,,
Karnataka,Mysuru,Tirumakudalu Narasipura,Karnataka taluk supplement 2026,,
Karnataka,Raichur,Devadurga,Karnataka taluk supplement 2026,,CURRENT_NAME_ALIAS_APPLIED
Karnataka,Raichur,Lingasaguru,Karnataka taluk supplement 2026,,CURRENT_NAME_ALIAS_APPLIED
Karnataka,Raichur,Manvi,Karnataka taluk supplement 2026,,CURRENT_NAME_ALIAS_APPLIED
Karnataka,Raichur,Maski,Karnataka taluk supplement 2026,,CURRENT_NAME_ALIAS_APPLIED
Karnataka,Raichur,Mudgal,Karnataka taluk supplement 2026,,CURRENT_NAME_ALIAS_APPLIED
Karnataka,Raichur,Raichuru,Karnataka taluk supplement 2026,,CURRENT_NAME_ALIAS_APPLIED
Karnataka,Raichur,Sindhanuru,Karnataka taluk supplement 2026,,CURRENT_NAME_ALIAS_APPLIED
Karnataka,Raichur,Sirawara,Karnataka taluk supplement 2026,,CURRENT_NAME_ALIAS_APPLIED
Karnataka,Shivamogga,Bhadravathi,Karnataka taluk supplement 2026,,
Karnataka,Shivamogga,Hosanagara,Karnataka taluk supplement 2026,,
Karnataka,Shivamogga,Sagara,Karnataka taluk supplement 2026,,
Karnataka,Shivamogga,Shikaripura,Karnataka taluk supplement 2026,,
Karnataka,Shivamogga,Shivamogga,Karnataka taluk supplement 2026,,
Karnataka,Shivamogga,Soraba,Karnataka taluk supplement 2026,,
Karnataka,Shivamogga,Tirthahalli,Karnataka taluk supplement 2026,,
Karnataka,Tumakuru,Chikkanayakanahalli,Karnataka taluk supplement 2026,,
Karnataka,Tumakuru,Gubbi,Karnataka taluk supplement 2026,,
Karnataka,Tumakuru,Koratagere,Karnataka taluk supplement 2026,,
Karnataka,Tumakuru,Kunigal,Karnataka taluk supplement 2026,,
Karnataka,Tumakuru,Madhugiri,Karnataka taluk supplement 2026,,
Karnataka,Tumakuru,Pavagada,Karnataka taluk supplement 2026,,
Karnataka,Tumakuru,Sira,Karnataka taluk supplement 2026,,
Karnataka,Tumakuru,Tipturu,Karnataka taluk supplement 2026,,
Karnataka,Tumakuru,Tumakuru,Karnataka taluk supplement 2026,,
Karnataka,Tumakuru,Turuvekere,Karnataka taluk supplement 2026,,
Karnataka,Udupi,Brahmavara,Karnataka taluk supplement 2026,,
Karnataka,Udupi,Bynduru,Karnataka taluk supplement 2026,,
Karnataka,Udupi,Hebri,Karnataka taluk supplement 2026,,
Karnataka,Udupi,Kapu,Karnataka taluk supplement 2026,,
Karnataka,Udupi,Karkala,Karnataka taluk supplement 2026,,
Karnataka,Udupi,Kundapura,Karnataka taluk supplement 2026,,
Karnataka,Udupi,Udupi,Karnataka taluk supplement 2026,,
Karnataka,Uttara Kannada,Ankola,Karnataka taluk supplement 2026,,
Karnataka,Uttara Kannada,Bhatkal,Karnataka taluk supplement 2026,,
Karnataka,Uttara Kannada,Dandeli,Karnataka taluk supplement 2026,,
Karnataka,Uttara Kannada,Haliyal,Karnataka taluk supplement 2026,,
Karnataka,Uttara Kannada,Honnavara,Karnataka taluk supplement 2026,,
Karnataka,Uttara Kannada,Joida,Karnataka taluk supplement 2026,,
Karnataka,Uttara Kannada,Karwara,Karnataka taluk supplement 2026,,
Karnataka,Uttara Kannada,Kumta,Karnataka taluk supplement 2026,,
Karnataka,Uttara Kannada,Mundagodu,Karnataka taluk supplement 2026,,
Karnataka,Uttara Kannada,Siddapura,Karnataka taluk supplement 2026,,
Karnataka,Uttara Kannada,Sirsi,Karnataka taluk supplement 2026,,
Karnataka,Uttara Kannada,Yellapura,Karnataka taluk supplement 2026,,
Karnataka,Vijayanagara,Hagaribommanahalli,Karnataka taluk supplement 2026,,
Karnataka,Vijayanagara,Harapanahalli,Karnataka taluk supplement 2026,,
Karnataka,Vijayanagara,Hoovina Hadagali,Karnataka taluk supplement 2026,,
Karnataka,Vijayanagara,Hosapete,Karnataka taluk supplement 2026,,
Karnataka,Vijayanagara,Kotturu,Karnataka taluk supplement 2026,,
Karnataka,Vijayanagara,Kudligi,Karnataka taluk supplement 2026,,
Karnataka,Vijayapura,Alamela,Karnataka taluk supplement 2026,,
Karnataka,Vijayapura,Babaleshwara,Karnataka taluk supplement 2026,,
Karnataka,Vijayapura,Basavana Bagewadi,Karnataka taluk supplement 2026,,
Karnataka,Vijayapura,Chadchana,Karnataka taluk supplement 2026,,
Karnataka,Vijayapura,Devara Hipparagi,Karnataka taluk supplement 2026,,
Karnataka,Vijayapura,Indi,Karnataka taluk supplement 2026,,
Karnataka,Vijayapura,Kolhara,Karnataka taluk supplement 2026,,
Karnataka,Vijayapura,Muddebihala,Karnataka taluk supplement 2026,,
Karnataka,Vijayapura,Nidagundi,Karnataka taluk supplement 2026,,
Karnataka,Vijayapura,Sindgi,Karnataka taluk supplement 2026,,
Karnataka,Vijayapura,Talikote,Karnataka taluk supplement 2026,,
Karnataka,Vijayapura,Tikote,Karnataka taluk supplement 2026,,
Karnataka,Vijayapura,Vijayapura,Karnataka taluk supplement 2026,,
Karnataka,Yadgir,Gurmitkala,Karnataka taluk supplement 2026,,CURRENT_NAME_ALIAS_APPLIED
Karnataka,Yadgir,Hunsagi,Karnataka taluk supplement 2026,,CURRENT_NAME_ALIAS_APPLIED
Karnataka,Yadgir,Shahapura,Karnataka taluk supplement 2026,,CURRENT_NAME_ALIAS_APPLIED
Karnataka,Yadgir,Surapura,Karnataka taluk supplement 2026,,CURRENT_NAME_ALIAS_APPLIED
Karnataka,Yadgir,Vadagera,Karnataka taluk supplement 2026,,CURRENT_NAME_ALIAS_APPLIED
Karnataka,Yadgir,Yadagiri,Karnataka taluk supplement 2026,,CURRENT_NAME_ALIAS_APPLIED
Maharashtra,Ahilyanagar,Akola,LGD export 2026-06-21,4201,CURRENT_NAME_ALIAS_APPLIED
Maharashtra,Ahilyanagar,Jamkhed,LGD export 2026-06-21,4214,CURRENT_NAME_ALIAS_APPLIED
Maharashtra,Ahilyanagar,Karjat,LGD export 2026-06-21,4213,CURRENT_NAME_ALIAS_APPLIED
Maharashtra,Ahilyanagar,Kopargaon,LGD export 2026-06-21,4203,CURRENT_NAME_ALIAS_APPLIED
Maharashtra,Ahilyanagar,Nagar,LGD export 2026-06-21,4209,CURRENT_NAME_ALIAS_APPLIED
Maharashtra,Ahilyanagar,Nevasa,LGD export 2026-06-21,4206,CURRENT_NAME_ALIAS_APPLIED
Maharashtra,Ahilyanagar,Parner,LGD export 2026-06-21,4211,CURRENT_NAME_ALIAS_APPLIED
Maharashtra,Ahilyanagar,Pathardi,LGD export 2026-06-21,4208,CURRENT_NAME_ALIAS_APPLIED
Maharashtra,Ahilyanagar,Rahta,LGD export 2026-06-21,4204,CURRENT_NAME_ALIAS_APPLIED
Maharashtra,Ahilyanagar,Rahuri,LGD export 2026-06-21,4210,CURRENT_NAME_ALIAS_APPLIED
Maharashtra,Ahilyanagar,Sangamner,LGD export 2026-06-21,4202,CURRENT_NAME_ALIAS_APPLIED
Maharashtra,Ahilyanagar,Shevgaon,LGD export 2026-06-21,4207,CURRENT_NAME_ALIAS_APPLIED
Maharashtra,Ahilyanagar,Shrigonda,LGD export 2026-06-21,4212,CURRENT_NAME_ALIAS_APPLIED
Maharashtra,Ahilyanagar,Shrirampur,LGD export 2026-06-21,4205,CURRENT_NAME_ALIAS_APPLIED
Maharashtra,Akola,Akola,LGD export 2026-06-21,3991,
Maharashtra,Akola,Akot,LGD export 2026-06-21,3989,
Maharashtra,Akola,Balapur,LGD export 2026-06-21,3990,
Maharashtra,Akola,Barshitakli,LGD export 2026-06-21,3994,
Maharashtra,Akola,Murtijapur,LGD export 2026-06-21,3992,
Maharashtra,Akola,Patur,LGD export 2026-06-21,3993,
Maharashtra,Akola,Telhara,LGD export 2026-06-21,3988,
Maharashtra,Amravati,Achalpur,LGD export 2026-06-21,4004,
Maharashtra,Amravati,Amravati,LGD export 2026-06-21,4009,
Maharashtra,Amravati,Anjangaon Surji,LGD export 2026-06-21,4003,
Maharashtra,Amravati,Bhatkuli,LGD export 2026-06-21,4010,
Maharashtra,Amravati,Chandur Railway,LGD export 2026-06-21,4013,
Maharashtra,Amravati,Chandurbazar,LGD export 2026-06-21,4005,
Maharashtra,Amravati,Chikhaldara,LGD export 2026-06-21,4002,
Maharashtra,Amravati,Daryapur,LGD export 2026-06-21,4011,
Maharashtra,Amravati,Dhamangaon Railway,LGD export 2026-06-21,4014,
Maharashtra,Amravati,Dharni,LGD export 2026-06-21,4001,
Maharashtra,Amravati,Morshi,LGD export 2026-06-21,4006,
Maharashtra,Amravati,Nandgaon-Khandeshwar,LGD export 2026-06-21,4012,
Maharashtra,Amravati,Teosa,LGD export 2026-06-21,4008,
Maharashtra,Amravati,Warud,LGD export 2026-06-21,4007,
Maharashtra,Beed,Ambejogai,LGD export 2026-06-21,4225,
Maharashtra,Beed,Ashti,LGD export 2026-06-21,4215,
Maharashtra,Beed,Bid,LGD export 2026-06-21,4221,
Maharashtra,Beed,Dharur,LGD export 2026-06-21,4223,
Maharashtra,Beed,Georai,LGD export 2026-06-21,4218,
Maharashtra,Beed,Kaij,LGD export 2026-06-21,4222,
Maharashtra,Beed,Manjlegaon,LGD export 2026-06-21,4219,
Maharashtra,Beed,Parli,LGD export 2026-06-21,4224,
Maharashtra,Beed,Patoda,LGD export 2026-06-21,4216,
Maharashtra,Beed,Shirur (Kasar),LGD export 2026-06-21,4217,
Maharashtra,Beed,Wadwani,LGD export 2026-06-21,4220,
Maharashtra,Bhandara,Bhandara,LGD export 2026-06-21,4039,
Maharashtra,Bhandara,Lakhandur,LGD export 2026-06-21,4043,
Maharashtra,Bhandara,Lakhani,LGD export 2026-06-21,4041,
Maharashtra,Bhandara,Mohadi,LGD export 2026-06-21,4038,
Maharashtra,Bhandara,Pauni,LGD export 2026-06-21,4042,
Maharashtra,Bhandara,Sakoli,LGD export 2026-06-21,4040,
Maharashtra,Bhandara,Tumsar,LGD export 2026-06-21,4037,
Maharashtra,Buldhana,Buldana,LGD export 2026-06-21,3984,
Maharashtra,Buldhana,Chikhli,LGD export 2026-06-21,3983,
Maharashtra,Buldhana,Deolgaon Raja,LGD export 2026-06-21,3985,
Maharashtra,Buldhana,Jalgaon (Jamod),LGD export 2026-06-21,3975,
Maharashtra,Buldhana,Khamgaon,LGD export 2026-06-21,3981,
Maharashtra,Buldhana,Lonar,LGD export 2026-06-21,3987,
Maharashtra,Buldhana,Malkapur,LGD export 2026-06-21,3979,
Maharashtra,Buldhana,Mehkar,LGD export 2026-06-21,3982,
Maharashtra,Buldhana,Motala,LGD export 2026-06-21,3980,
Maharashtra,Buldhana,Nandura,LGD export 2026-06-21,3978,
Maharashtra,Buldhana,Sangrampur,LGD export 2026-06-21,3976,
Maharashtra,Buldhana,Shegaon,LGD export 2026-06-21,3977,
Maharashtra,Buldhana,Sindkhed Raja,LGD export 2026-06-21,3986,
Maharashtra,Chandrapur,Ballarpur,LGD export 2026-06-21,4074,
Maharashtra,Chandrapur,Bhadravati,LGD export 2026-06-21,4070,
Maharashtra,Chandrapur,Brahmapuri,LGD export 2026-06-21,4067,
Maharashtra,Chandrapur,Chandrapur,LGD export 2026-06-21,4071,
Maharashtra,Chandrapur,Chimur,LGD export 2026-06-21,4065,
Maharashtra,Chandrapur,Gondpipri,LGD export 2026-06-21,4078,
Maharashtra,Chandrapur,Jiwati,LGD export 2026-06-21,4076,
Maharashtra,Chandrapur,Korpana,LGD export 2026-06-21,4075,
Maharashtra,Chandrapur,Mul,LGD export 2026-06-21,4072,
Maharashtra,Chandrapur,Nagbhir,LGD export 2026-06-21,4066,
Maharashtra,Chandrapur,Pombhurna,LGD export 2026-06-21,4073,
Maharashtra,Chandrapur,Rajura,LGD export 2026-06-21,4077,
Maharashtra,Chandrapur,Sawali,LGD export 2026-06-21,4068,
Maharashtra,Chandrapur,Sindewahi,LGD export 2026-06-21,4069,
Maharashtra,Chandrapur,Warora,LGD export 2026-06-21,4064,
Maharashtra,Chhatrapati Sambhajinagar,Aurangabad,LGD export 2026-06-21,4137,CURRENT_NAME_ALIAS_APPLIED
Maharashtra,Chhatrapati Sambhajinagar,Gangapur,LGD export 2026-06-21,4140,CURRENT_NAME_ALIAS_APPLIED
Maharashtra,Chhatrapati Sambhajinagar,Kannad,LGD export 2026-06-21,4133,CURRENT_NAME_ALIAS_APPLIED
Maharashtra,Chhatrapati Sambhajinagar,Khuldabad,LGD export 2026-06-21,4138,CURRENT_NAME_ALIAS_APPLIED
Maharashtra,Chhatrapati Sambhajinagar,Paithan,LGD export 2026-06-21,4141,CURRENT_NAME_ALIAS_APPLIED
Maharashtra,Chhatrapati Sambhajinagar,Phulambri,LGD export 2026-06-21,4136,CURRENT_NAME_ALIAS_APPLIED
Maharashtra,Chhatrapati Sambhajinagar,Sillod,LGD export 2026-06-21,4135,CURRENT_NAME_ALIAS_APPLIED
Maharashtra,Chhatrapati Sambhajinagar,Soegaon,LGD export 2026-06-21,4134,CURRENT_NAME_ALIAS_APPLIED
Maharashtra,Chhatrapati Sambhajinagar,Vaijapur,LGD export 2026-06-21,4139,CURRENT_NAME_ALIAS_APPLIED
Maharashtra,Dharashiv,Bhum,LGD export 2026-06-21,4237,CURRENT_NAME_ALIAS_APPLIED
Maharashtra,Dharashiv,Kalamb,LGD export 2026-06-21,4239,CURRENT_NAME_ALIAS_APPLIED
Maharashtra,Dharashiv,Lohara,LGD export 2026-06-21,4242,CURRENT_NAME_ALIAS_APPLIED
Maharashtra,Dharashiv,Osmanabad,LGD export 2026-06-21,4240,CURRENT_NAME_ALIAS_APPLIED
Maharashtra,Dharashiv,Paranda,LGD export 2026-06-21,4236,CURRENT_NAME_ALIAS_APPLIED
Maharashtra,Dharashiv,Tuljapur,LGD export 2026-06-21,4241,CURRENT_NAME_ALIAS_APPLIED
Maharashtra,Dharashiv,Umarga,LGD export 2026-06-21,4243,CURRENT_NAME_ALIAS_APPLIED
Maharashtra,Dharashiv,Washi,LGD export 2026-06-21,4238,CURRENT_NAME_ALIAS_APPLIED
Maharashtra,Dhule,Dhule,LGD export 2026-06-21,3959,
Maharashtra,Dhule,Sakri,LGD export 2026-06-21,3958,
Maharashtra,Dhule,Shirpur,LGD export 2026-06-21,3956,
Maharashtra,Dhule,Sindkhede,LGD export 2026-06-21,3957,
Maharashtra,Gadchiroli,Aheri,LGD export 2026-06-21,4062,
Maharashtra,Gadchiroli,Armori,LGD export 2026-06-21,4053,
Maharashtra,Gadchiroli,Bhamragad,LGD export 2026-06-21,4061,
Maharashtra,Gadchiroli,Chamorshi,LGD export 2026-06-21,4058,
Maharashtra,Gadchiroli,Desaiganj (Vadasa),LGD export 2026-06-21,4052,
Maharashtra,Gadchiroli,Dhanora,LGD export 2026-06-21,4056,
Maharashtra,Gadchiroli,Etapalli,LGD export 2026-06-21,4060,
Maharashtra,Gadchiroli,Gadchiroli,LGD export 2026-06-21,4057,
Maharashtra,Gadchiroli,Korchi,LGD export 2026-06-21,4055,
Maharashtra,Gadchiroli,Kurkheda,LGD export 2026-06-21,4054,
Maharashtra,Gadchiroli,Mulchera,LGD export 2026-06-21,4059,
Maharashtra,Gadchiroli,Sironcha,LGD export 2026-06-21,4063,
Maharashtra,Gondia,Amgaon,LGD export 2026-06-21,4047,
Maharashtra,Gondia,Arjuni Morgaon,LGD export 2026-06-21,4050,
Maharashtra,Gondia,Deori,LGD export 2026-06-21,4051,
Maharashtra,Gondia,Gondiya,LGD export 2026-06-21,4046,
Maharashtra,Gondia,Goregaon,LGD export 2026-06-21,4045,
Maharashtra,Gondia,Sadak-Arjuni,LGD export 2026-06-21,4049,
Maharashtra,Gondia,Salekasa,LGD export 2026-06-21,4048,
Maharashtra,Gondia,Tirora,LGD export 2026-06-21,4044,
Maharashtra,Hingoli,Aundha (Nagnath),LGD export 2026-06-21,4113,
Maharashtra,Hingoli,Basmath,LGD export 2026-06-21,4115,
Maharashtra,Hingoli,Hingoli,LGD export 2026-06-21,4112,
Maharashtra,Hingoli,Kalamnuri,LGD export 2026-06-21,4114,
Maharashtra,Hingoli,Sengaon,LGD export 2026-06-21,4111,
Maharashtra,Jalgaon,Amalner,LGD export 2026-06-21,3969,
Maharashtra,Jalgaon,Bhadgaon,LGD export 2026-06-21,3971,
Maharashtra,Jalgaon,Bhusawal,LGD export 2026-06-21,3965,
Maharashtra,Jalgaon,Bodvad,LGD export 2026-06-21,3964,
Maharashtra,Jalgaon,Chalisgaon,LGD export 2026-06-21,3972,
Maharashtra,Jalgaon,Chopda,LGD export 2026-06-21,3960,
Maharashtra,Jalgaon,Dharangaon,LGD export 2026-06-21,3968,
Maharashtra,Jalgaon,Erandol,LGD export 2026-06-21,3967,
Maharashtra,Jalgaon,Jalgaon,LGD export 2026-06-21,3966,
Maharashtra,Jalgaon,Jamner,LGD export 2026-06-21,3974,
Maharashtra,Jalgaon,Muktainagar (Edlabad),LGD export 2026-06-21,3963,
Maharashtra,Jalgaon,Pachora,LGD export 2026-06-21,3973,
Maharashtra,Jalgaon,Parola,LGD export 2026-06-21,3970,
Maharashtra,Jalgaon,Raver,LGD export 2026-06-21,3962,
Maharashtra,Jalgaon,Yawal,LGD export 2026-06-21,3961,
Maharashtra,Jalna,Ambad,LGD export 2026-06-21,4129,
Maharashtra,Jalna,Badnapur,LGD export 2026-06-21,4128,
Maharashtra,Jalna,Bhokardan,LGD export 2026-06-21,4125,
Maharashtra,Jalna,Ghansawangi,LGD export 2026-06-21,4130,
Maharashtra,Jalna,Jafferabad,LGD export 2026-06-21,4126,
Maharashtra,Jalna,Jalna,LGD export 2026-06-21,4127,
Maharashtra,Jalna,Mantha,LGD export 2026-06-21,4132,
Maharashtra,Jalna,Partur,LGD export 2026-06-21,4131,
Maharashtra,Kolhapur,Ajra,LGD export 2026-06-21,4292,
Maharashtra,Kolhapur,Bavda,LGD export 2026-06-21,4288,
Maharashtra,Kolhapur,Bhudargad,LGD export 2026-06-21,4291,
Maharashtra,Kolhapur,Chandgad,LGD export 2026-06-21,4294,
Maharashtra,Kolhapur,Gadhinglaj,LGD export 2026-06-21,4293,
Maharashtra,Kolhapur,Hatkanangle,LGD export 2026-06-21,4285,
Maharashtra,Kolhapur,Kagal,LGD export 2026-06-21,4290,
Maharashtra,Kolhapur,Karvir,LGD export 2026-06-21,4287,
Maharashtra,Kolhapur,Panhala,LGD export 2026-06-21,4284,
Maharashtra,Kolhapur,Radhanagari,LGD export 2026-06-21,4289,
Maharashtra,Kolhapur,Shahuwadi,LGD export 2026-06-21,4283,
Maharashtra,Kolhapur,Shirol,LGD export 2026-06-21,4286,
Maharashtra,Latur,Ahmadpur,LGD export 2026-06-21,4228,
Maharashtra,Latur,Ausa,LGD export 2026-06-21,4232,
Maharashtra,Latur,Chakur,LGD export 2026-06-21,4230,
Maharashtra,Latur,Deoni,LGD export 2026-06-21,4234,
Maharashtra,Latur,Jalkot,LGD export 2026-06-21,4229,
Maharashtra,Latur,Latur,LGD export 2026-06-21,4226,
Maharashtra,Latur,Nilanga,LGD export 2026-06-21,4233,
Maharashtra,Latur,Renapur,LGD export 2026-06-21,4227,
Maharashtra,Latur,Shirur-Anantpal,LGD export 2026-06-21,4231,
Maharashtra,Latur,Udgir,LGD export 2026-06-21,4235,
Maharashtra,Mumbai City,Mumbai City,Administrative supplement,,SUPPLEMENT_REVIEWED
Maharashtra,Mumbai Suburban,Andheri,Administrative supplement,,SUPPLEMENT_REVIEWED
Maharashtra,Mumbai Suburban,Borivali,Administrative supplement,,SUPPLEMENT_REVIEWED
Maharashtra,Mumbai Suburban,Kurla,Administrative supplement,,SUPPLEMENT_REVIEWED
Maharashtra,Nagpur,Bhiwapur,LGD export 2026-06-21,4036,
Maharashtra,Nagpur,Hingna,LGD export 2026-06-21,4033,
Maharashtra,Nagpur,Kalameshwar,LGD export 2026-06-21,4025,
Maharashtra,Nagpur,Kamptee,LGD export 2026-06-21,4030,
Maharashtra,Nagpur,Katol,LGD export 2026-06-21,4024,
Maharashtra,Nagpur,Kuhi,LGD export 2026-06-21,4035,
Maharashtra,Nagpur,Mauda,LGD export 2026-06-21,4029,
Maharashtra,Nagpur,Nagpur (Rural),LGD export 2026-06-21,4031,
Maharashtra,Nagpur,Nagpur (Urban),LGD export 2026-06-21,4032,
Maharashtra,Nagpur,Narkhed,LGD export 2026-06-21,4023,
Maharashtra,Nagpur,Parseoni,LGD export 2026-06-21,4027,
Maharashtra,Nagpur,Ramtek,LGD export 2026-06-21,4028,
Maharashtra,Nagpur,Savner,LGD export 2026-06-21,4026,
Maharashtra,Nagpur,Umred,LGD export 2026-06-21,4034,
Maharashtra,Nanded,Ardhapur,LGD export 2026-06-21,4099,
Maharashtra,Nanded,Bhokar,LGD export 2026-06-21,4102,
Maharashtra,Nanded,Biloli,LGD export 2026-06-21,4105,
Maharashtra,Nanded,Deglur,LGD export 2026-06-21,4110,
Maharashtra,Nanded,Dharmabad,LGD export 2026-06-21,4104,
Maharashtra,Nanded,Hadgaon,LGD export 2026-06-21,4098,
Maharashtra,Nanded,Himayatnagar,LGD export 2026-06-21,4097,
Maharashtra,Nanded,Kandhar,LGD export 2026-06-21,4108,
Maharashtra,Nanded,Kinwat,LGD export 2026-06-21,4096,
Maharashtra,Nanded,Loha,LGD export 2026-06-21,4107,
Maharashtra,Nanded,Mahoor,LGD export 2026-06-21,4095,
Maharashtra,Nanded,Mudkhed,LGD export 2026-06-21,4101,
Maharashtra,Nanded,Mukhed,LGD export 2026-06-21,4109,
Maharashtra,Nanded,Naigaon (Khairgaon),LGD export 2026-06-21,4106,
Maharashtra,Nanded,Nanded,LGD export 2026-06-21,4100,
Maharashtra,Nanded,Umri,LGD export 2026-06-21,4103,
Maharashtra,Nandurbar,Akkalkuwa,LGD export 2026-06-21,3950,
Maharashtra,Nandurbar,Akrani,LGD export 2026-06-21,3951,
Maharashtra,Nandurbar,Nandurbar,LGD export 2026-06-21,3954,
Maharashtra,Nandurbar,Nawapur,LGD export 2026-06-21,3955,
Maharashtra,Nandurbar,Shahade,LGD export 2026-06-21,3953,
Maharashtra,Nandurbar,Talode,LGD export 2026-06-21,3952,
Maharashtra,Nashik,Baglan,LGD export 2026-06-21,4145,
Maharashtra,Nashik,Chandvad,LGD export 2026-06-21,4148,
Maharashtra,Nashik,Deola,LGD export 2026-06-21,4144,
Maharashtra,Nashik,Dindori,LGD export 2026-06-21,4149,
Maharashtra,Nashik,Igatpuri,LGD export 2026-06-21,4153,
Maharashtra,Nashik,Kalwan,LGD export 2026-06-21,4143,
Maharashtra,Nashik,Malegaon,LGD export 2026-06-21,4146,
Maharashtra,Nashik,Nandgaon,LGD export 2026-06-21,4147,
Maharashtra,Nashik,Nashik,LGD export 2026-06-21,4152,
Maharashtra,Nashik,Niphad,LGD export 2026-06-21,4155,
Maharashtra,Nashik,Peth,LGD export 2026-06-21,4150,
Maharashtra,Nashik,Sinnar,LGD export 2026-06-21,4154,
Maharashtra,Nashik,Surgana,LGD export 2026-06-21,4142,
Maharashtra,Nashik,Trimbakeshwar,LGD export 2026-06-21,4151,
Maharashtra,Nashik,Yevla,LGD export 2026-06-21,4156,
Maharashtra,Palghar,Dahanu,LGD export 2026-06-21,4158,
Maharashtra,Palghar,Jawhar,LGD export 2026-06-21,4160,
Maharashtra,Palghar,Mokhada,LGD export 2026-06-21,4161,
Maharashtra,Palghar,Palghar,LGD export 2026-06-21,4163,
Maharashtra,Palghar,Talasari,LGD export 2026-06-21,4157,
Maharashtra,Palghar,Vada,LGD export 2026-06-21,4162,
Maharashtra,Palghar,Vasai,LGD export 2026-06-21,4164,
Maharashtra,Palghar,Vikramgad,LGD export 2026-06-21,4159,
Maharashtra,Parbhani,Gangakhed,LGD export 2026-06-21,4122,
Maharashtra,Parbhani,Jintur,LGD export 2026-06-21,4117,
Maharashtra,Parbhani,Manwath,LGD export 2026-06-21,4119,
Maharashtra,Parbhani,Palam,LGD export 2026-06-21,4123,
Maharashtra,Parbhani,Parbhani,LGD export 2026-06-21,4118,
Maharashtra,Parbhani,Pathri,LGD export 2026-06-21,4120,
Maharashtra,Parbhani,Purna,LGD export 2026-06-21,4124,
Maharashtra,Parbhani,Sailu,LGD export 2026-06-21,4116,
Maharashtra,Parbhani,Sonpeth,LGD export 2026-06-21,4121,
Maharashtra,Pune,Ambegaon,LGD export 2026-06-21,4188,
Maharashtra,Pune,Baramati,LGD export 2026-06-21,4199,
Maharashtra,Pune,Bhor,LGD export 2026-06-21,4198,
Maharashtra,Pune,Daund,LGD export 2026-06-21,4195,
Maharashtra,Pune,Haveli,LGD export 2026-06-21,4193,
Maharashtra,Pune,Indapur,LGD export 2026-06-21,4200,
Maharashtra,Pune,Junnar,LGD export 2026-06-21,4187,
Maharashtra,Pune,Khed,LGD export 2026-06-21,4190,
Maharashtra,Pune,Mawal,LGD export 2026-06-21,4191,
Maharashtra,Pune,Mulshi,LGD export 2026-06-21,4192,
Maharashtra,Pune,Pune City,LGD export 2026-06-21,4194,
Maharashtra,Pune,Purandhar,LGD export 2026-06-21,4196,
Maharashtra,Pune,Shirur,LGD export 2026-06-21,4189,
Maharashtra,Pune,Velhe,LGD export 2026-06-21,4197,
Maharashtra,Raigad,Alibag,LGD export 2026-06-21,4177,
Maharashtra,Raigad,Karjat,LGD export 2026-06-21,4174,
Maharashtra,Raigad,Khalapur,LGD export 2026-06-21,4175,
Maharashtra,Raigad,Mahad,LGD export 2026-06-21,4185,
Maharashtra,Raigad,Mangaon,LGD export 2026-06-21,4181,
Maharashtra,Raigad,Mhasla,LGD export 2026-06-21,4184,
Maharashtra,Raigad,Murud,LGD export 2026-06-21,4178,
Maharashtra,Raigad,Panvel,LGD export 2026-06-21,4173,
Maharashtra,Raigad,Pen,LGD export 2026-06-21,4176,
Maharashtra,Raigad,Poladpur,LGD export 2026-06-21,4186,
Maharashtra,Raigad,Roha,LGD export 2026-06-21,4179,
Maharashtra,Raigad,Shrivardhan,LGD export 2026-06-21,4183,
Maharashtra,Raigad,Sudhagad,LGD export 2026-06-21,4180,
Maharashtra,Raigad,Tala,LGD export 2026-06-21,4182,
Maharashtra,Raigad,Uran,LGD export 2026-06-21,4172,
Maharashtra,Ratnagiri,Chiplun,LGD export 2026-06-21,4269,
Maharashtra,Ratnagiri,Dapoli,LGD export 2026-06-21,4267,
Maharashtra,Ratnagiri,Guhagar,LGD export 2026-06-21,4270,
Maharashtra,Ratnagiri,Khed,LGD export 2026-06-21,4268,
Maharashtra,Ratnagiri,Lanja,LGD export 2026-06-21,4273,
Maharashtra,Ratnagiri,Mandangad,LGD export 2026-06-21,4266,
Maharashtra,Ratnagiri,Rajapur,LGD export 2026-06-21,4274,
Maharashtra,Ratnagiri,Ratnagiri,LGD export 2026-06-21,4271,
Maharashtra,Ratnagiri,Sangameshwar,LGD export 2026-06-21,4272,
Maharashtra,Sangli,Atpadi,LGD export 2026-06-21,4300,
Maharashtra,Sangli,Jat,LGD export 2026-06-21,4304,
Maharashtra,Sangli,Kadegaon,LGD export 2026-06-21,4298,
Maharashtra,Sangli,Kavathemahankal,LGD export 2026-06-21,4303,
Maharashtra,Sangli,Khanapur,LGD export 2026-06-21,4299,
Maharashtra,Sangli,Miraj,LGD export 2026-06-21,4302,
Maharashtra,Sangli,Palus,LGD export 2026-06-21,4297,
Maharashtra,Sangli,Shirala,LGD export 2026-06-21,4295,
Maharashtra,Sangli,Tasgaon,LGD export 2026-06-21,4301,
Maharashtra,Sangli,Walwa,LGD export 2026-06-21,4296,
Maharashtra,Satara,Jaoli,LGD export 2026-06-21,4263,
Maharashtra,Satara,Karad,LGD export 2026-06-21,4265,
Maharashtra,Satara,Khandala,LGD export 2026-06-21,4257,
Maharashtra,Satara,Khatav,LGD export 2026-06-21,4260,
Maharashtra,Satara,Koregaon,LGD export 2026-06-21,4261,
Maharashtra,Satara,Mahabaleshwar,LGD export 2026-06-21,4255,
Maharashtra,Satara,Man,LGD export 2026-06-21,4259,
Maharashtra,Satara,Patan,LGD export 2026-06-21,4264,
Maharashtra,Satara,Phaltan,LGD export 2026-06-21,4258,
Maharashtra,Satara,Satara,LGD export 2026-06-21,4262,
Maharashtra,Satara,Wai,LGD export 2026-06-21,4256,
Maharashtra,Sindhudurg,Devgad,LGD export 2026-06-21,4275,
Maharashtra,Sindhudurg,Dodamarg,LGD export 2026-06-21,4282,
Maharashtra,Sindhudurg,Kankavli,LGD export 2026-06-21,4277,
Maharashtra,Sindhudurg,Kudal,LGD export 2026-06-21,4280,
Maharashtra,Sindhudurg,Malwan,LGD export 2026-06-21,4278,
Maharashtra,Sindhudurg,Sawantwadi,LGD export 2026-06-21,4281,
Maharashtra,Sindhudurg,Vaibhavvadi,LGD export 2026-06-21,4276,
Maharashtra,Sindhudurg,Vengurla,LGD export 2026-06-21,4279,
Maharashtra,Solapur,Akkalkot,LGD export 2026-06-21,4254,
Maharashtra,Solapur,Barshi,LGD export 2026-06-21,4246,
Maharashtra,Solapur,Karmala,LGD export 2026-06-21,4244,
Maharashtra,Solapur,Madha,LGD export 2026-06-21,4245,
Maharashtra,Solapur,Malshiras,LGD export 2026-06-21,4250,
Maharashtra,Solapur,Mangalvedhe,LGD export 2026-06-21,4252,
Maharashtra,Solapur,Mohol,LGD export 2026-06-21,4248,
Maharashtra,Solapur,Pandharpur,LGD export 2026-06-21,4249,
Maharashtra,Solapur,Sangole,LGD export 2026-06-21,4251,
Maharashtra,Solapur,Solapur North,LGD export 2026-06-21,4247,
Maharashtra,Solapur,Solapur South,LGD export 2026-06-21,4253,
Maharashtra,Thane,Ambarnath,LGD export 2026-06-21,4170,
Maharashtra,Thane,Bhiwandi,LGD export 2026-06-21,4166,
Maharashtra,Thane,Kalyan,LGD export 2026-06-21,4168,
Maharashtra,Thane,Murbad,LGD export 2026-06-21,4171,
Maharashtra,Thane,Shahapur,LGD export 2026-06-21,4167,
Maharashtra,Thane,Thane,LGD export 2026-06-21,4165,
Maharashtra,Thane,Ulhasnagar,LGD export 2026-06-21,4169,
Maharashtra,Wardha,Arvi,LGD export 2026-06-21,4017,
Maharashtra,Wardha,Ashti,LGD export 2026-06-21,4015,
Maharashtra,Wardha,Deoli,LGD export 2026-06-21,4020,
Maharashtra,Wardha,Hinganghat,LGD export 2026-06-21,4021,
Maharashtra,Wardha,Karanja,LGD export 2026-06-21,4016,
Maharashtra,Wardha,Samudrapur,LGD export 2026-06-21,4022,
Maharashtra,Wardha,Seloo,LGD export 2026-06-21,4018,
Maharashtra,Wardha,Wardha,LGD export 2026-06-21,4019,
Maharashtra,Washim,Karanja,LGD export 2026-06-21,3997,
Maharashtra,Washim,Malegaon,LGD export 2026-06-21,3995,
Maharashtra,Washim,Mangrulpir,LGD export 2026-06-21,3996,
Maharashtra,Washim,Manora,LGD export 2026-06-21,3998,
Maharashtra,Washim,Risod,LGD export 2026-06-21,4000,
Maharashtra,Washim,Washim,LGD export 2026-06-21,3999,
Maharashtra,Yavatmal,Arni,LGD export 2026-06-21,4088,
Maharashtra,Yavatmal,Babulgaon,LGD export 2026-06-21,4080,
Maharashtra,Yavatmal,Darwha,LGD export 2026-06-21,4083,
Maharashtra,Yavatmal,Digras,LGD export 2026-06-21,4084,
Maharashtra,Yavatmal,Ghatanji,LGD export 2026-06-21,4089,
Maharashtra,Yavatmal,Kalamb,LGD export 2026-06-21,4081,
Maharashtra,Yavatmal,Kelapur,LGD export 2026-06-21,4090,
Maharashtra,Yavatmal,Mahagaon,LGD export 2026-06-21,4087,
Maharashtra,Yavatmal,Maregaon,LGD export 2026-06-21,4092,
Maharashtra,Yavatmal,Ner,LGD export 2026-06-21,4079,
Maharashtra,Yavatmal,Pusad,LGD export 2026-06-21,4085,
Maharashtra,Yavatmal,Ralegaon,LGD export 2026-06-21,4091,
Maharashtra,Yavatmal,Umarkhed,LGD export 2026-06-21,4086,
Maharashtra,Yavatmal,Wani,LGD export 2026-06-21,4094,
Maharashtra,Yavatmal,Yavatmal,LGD export 2026-06-21,4082,
Maharashtra,Yavatmal,Zari-Jamani,LGD export 2026-06-21,4093,
